Name,Brand,Www
АВТОСПЕЦЦЕНТР КАШИРКА 39,KIA,http://kia-asc.ru
ВИСТ-АВТО,KIA,http://vistauto.kia.ru/
СИМ KIA на Калужской,KIA,http://sim-service.kia.ru
АВТОСПЕЦЦЕНТР МАРЬИНО,KIA,http://kia-maryino.ru
FAVORIT MOTORS ЮГО-ВОСТОК,KIA,http://kia-favorit.ru
FAVORIT MOTORS на Ленинском,KIA,http://kia-favorit.ru
Автоцентр на Волгоградке,KIA,http://vist-motors.kia.ru
FAVORIT MOTORS МКАД,KIA,http://kia-favorit.ru
FAVORIT MOTORS ВОСТОК,KIA,http://kia-favorit.ru
AA Major Auto Новорижский,KIA,http://major-kia.ru
FAVORIT MOTORS СЕВЕР,KIA,http://kia-favorit.ru
АвтоГЕРМЕС KIA,KIA,http://kia-avtogermes.ru
ИРБИС Север,KIA,http://irbis.kia.ru
КИА Центр Шереметьево,KIA,http://sheremetyevo.kia.ru
АА Major Auto,KIA,http://major-kia.ru/
АВТОСПЕЦЦЕНТР СЕВЕР,KIA,http://kia-asc.ru
ПЕТРОВСКИЙ АВТОЦЕНТР,Renault,http://petrovskiy.ru
АВТОМИР Renault Дмитровское ш.,Renault,http://renault-avtomir.ru
Major Auto Renault Цветочный,Renault,http://major-renault.ru
Major Renault Новорижский,Renault,http://major-renault.ru
АВТОМИР,Renault,http://renault-avtomir.ru
АВТОМИР Renault Озерная,Renault,http://renault-avtomir.ru
ПЕТРОВСКИЙ АВТОЦЕНТР,Renault,http://petrovskiy.ru
RTDService,Renault,http://rtds.ru
RTDService,Renault,http://rtds.ru
ПЕТРОВСКИЙ АВТОЦЕНТР,Renault,http://renault.petrovskiy.ru/
Автоцентр на Таганке,Nissan,http://auto-center.ru
У Сервис+ на Башиловской,Nissan,http://nissan.uservice.ru
У Сервис+ на Коломенской,Nissan,http://nissan.uservice.ru
У Сервис+ на Симферопольском ш.,Nissan,http://nissan.uservice.ru
Автомир Nissan Ярославка,Nissan,http://nissan-avtomir.ru
Рольф Дмитровка,Nissan,http://pelican.ru
Автомир Nissan Крылатское,Nissan,http://nissan-avtomir.ru
Major Auto Nissan Волоколамский,Nissan,http://major-nissan.ru
Major Nissan Новорижский,Nissan,http://major-nissan.ru
ТЦ Кунцево,Nissan,http://nissan-kuntsevo.ru
Автоцентр Овод,Nissan,http://nissan.ovod.ru
АвтоСпецЦентр Nissan Химки,Nissan,http://autonissan.ru
HYUNDAI Центр Кунцево,Hyundai,http://hyundai-kuntsevo.ru
АвтоГЕРМЕС Hyundai Энтузиастов,Hyundai,http://hyundai-avtogermes.ru
АвтоСпецЦентр Внуково,Hyundai,http://hyundai-vnukovo.ru
Марс Моторс,Hyundai,http://hyundai-avanta.ru
Автомир Дмитровка,Hyundai,http://avtomir.ru
Автомир Марьино,Hyundai,http://avtomir.ru
Акцент Авто,Hyundai,http://hyundai-accentauto.ru
Рольф Химки,Hyundai,http://www.rolf-himki.ru/
Рольф-Алтуфьево,Hyundai,http://rolf-hyundai.ru
РОЛЬФ Сити,Hyundai,http://rolf-hyundai.ru
РОЛЬФ Юг,Hyundai,http://rolf-hyundai.ru
СИМ Hyundai,Hyundai,http://hyundai-sim.ru
Авилон,Hyundai,http://hyundai-avilon.ru
Major Volkswagen Новорижский,Volkswagen,http://major-vw.ru
АВИЛОН,Volkswagen,http://avilon-vw.ru
Автотрейд АГ,Volkswagen,http://autotrade-ag.ru
Автоцентр Атлант-М,Volkswagen,http://atlant-m.ru
Автоцентр Немецкий Дом,Volkswagen,http://nemdom.ru
Автоцентр Немецкий Дом,Volkswagen,http://nemdom.ru
Германика (Фили),Volkswagen,http://germanika.ru
МВС Кунцево,Volkswagen,http://volkswagen.kuntsevo.com
Фольксваген Центр Внуково,Volkswagen,http://vw-vnukovo.ru
Фольксваген Центр Германика (Химки),Volkswagen,http://germanika.ru
Фольксваген Центр Подольск,Volkswagen,http://vw-avtoruss.ru
Фольксваген Центр Лосиный Остров,Volkswagen,http://vw-avtoruss.ru
Автоцентр Сити - Каширка,Volkswagen,http://vw.avto-city.ru/
Тойота Центр Сокольники,Toyota,http://toyota-sokolniki.ru
Тойота Центр Коломенское,Toyota,http://toyotanm.ru
Тойота Центр Серебряный Бор,Toyota,https://toyotabc.ru/
Тойота Центр Битца,Toyota,https://toyotabc.ru/
Тойота Центр Кунцево,Toyota,http://toyota-kuntsevo.ru
Тойота Центр Рублевский,Toyota,https://toyotabc.ru/
Тойота Центр Лосиный Остров,Toyota,https://toyotabc.ru/
Тойота Центр Измайлово,Toyota,https://toyota-i.ru/
Тойота Центр Ясенево,Toyota,http://toyota-yasenevo.ru
Тойота Центр Каширский,Toyota,https://toyotabc.ru/
Тойота Центр Внуково,Toyota,http://toyota-vnukovo.ru
Тойота Центр Новорижский,Toyota,http://toyota-novorizhskiy.ru
Тойота Центр Шереметьево,Toyota,http://toyota-sheremetevo.ru
Major МКАД 18 км,Ford,http://major-ford.ru
Major МКАД 47 км,Ford,http://major-ford.ru
Major Новорижское шоссе,Ford,http://major-ford.ru
АВИЛОН,Ford,http://avilon-ford.ru
АвтоПассаж,Ford,http://ford.autopassage.ru
РОЛЬФ ХИМКИ,Ford,http://www.rolf-himki.ru/
Форд Центр Измайлово,Ford,http://ford-i.ru
Форд Центр Кунцево,Ford,http://ford.kuntsevo.com
Автопрага Юг,Skoda,http://autopraga.ru
Автомир Богемия Дмитровка,Skoda,http://bogemia-skd.ru
Major Auto Skoda Цветочный,Skoda,http://major-sk.ru
Автопрага Северо-Запад,Skoda,http://autopraga.ru
Авто Сити Skoda Новорижский,Skoda,http://autocity-sk.ru
РОЛЬФ Магистральный,Skoda,http://rolf-skoda.ru/
АвтоСпецЦентр Марьино,Skoda,http://autoskd.ru
АвтоСпецЦентр Каширка,Skoda,http://autoskd.ru
АвтоСпецЦентр Skoda Химки,Skoda,http://autoskd.ru
Автомир Богемия Балашиха,Skoda,http://bogemia-skd.ru
Автомир Марьино,Mitsubishi,http://mitsubishi-avtomir.ru
РОЛЬФ Восток,Mitsubishi,http://rolf-mitsubishi.ru
РОЛЬФ Диамант,Mitsubishi,http://rolf-mitsubishi.ru
РОЛЬФ Сити,Mitsubishi,http://rolf-mitsubishi.ru
РОЛЬФ Химки,Mitsubishi,http://www.rolf-himki.ru/
РОЛЬФ Центр,Mitsubishi,http://rolf-mitsubishi.ru
РОЛЬФ Юг,Mitsubishi,http://rolf-mitsubishi.ru
Кунцево Авто,Mitsubishi,http://mitsubishi-kuntsevo.ru
МЭЙДЖОР АВТО,Peugeot,http://major-peugeot.ru
Major Suzuki Новорижский,Suzuki,http://major-suzuki.ru
АвтоГЕРМЕС Suzuki Энтузиастов,Suzuki,http://suzuki-avtogermes.ru
Автомир,Suzuki,http://suzuki-avtomir.ru
Автомир,Suzuki,http://suzuki-avtomir.ru
СИМ Suzuki Север,Suzuki,http://sim-suzuki.ru
СИМ Suzuki Юго-Запад,Suzuki,http://sim-suzuki.ru
ТЦ Кунцево,Suzuki,http://suzuki.kuntsevo.com
АВИЛОН,BMW,http://bmw-avilon.ru
АВТODОМ на 51 км МКАД,BMW,http://bmw-avtodom.ru
АВТODОМ на Зорге 17,BMW,http://bmw-avtodom.ru
Авто-Авангард,BMW,http://bmw-avangard.ru
Адванс-Авто,BMW,http://bmw-advance.ru
БалтАвтоТрейд-М,BMW,http://bmw-baltauto.ru
БорисХоф Юг,BMW,http://bmw-borishof.ru
БорисХоф Восток,BMW,http://bmw-borishof.ru
БорисХоф Север,BMW,http://bmw-borishof.ru
Рольф Восток,Mazda,http://rolf-mazda.ru
СИМ Mazda,Mazda,http://mazda-sim.ru
Автоспеццентр,Mazda,http://mazda-asc.ru
Автомир – Дмитровское шоссе,Mazda,http://mazda-avtomir.ru/
ТЦ Кунцево,Mazda,http://mazda-kuntsevo.ru
Major 47 км,Mazda,http://mazda-major.ru
Major 18 км,Mazda,http://mazda-major.ru
Рольф Химки,Mazda,http://www.rolf-himki.ru/
МБ-Измайлово,Mercedes-Benz,http://mercedes-izmaylovo.ru
Автофорум,Mercedes-Benz,http://mercedes-autoforum.ru
АВИЛОН,Mercedes-Benz,http://mercedes-avilon.ru
ЛУКОЙЛ-Центрнефтепродукт,Mercedes-Benz,http://mercedes-lukoil.ru
Звезда Столицы Варшавка (филиал Рольф),Mercedes-Benz,http://mercedes-zs.ru
Ауди Центр Таганка,Audi,http://audi-taganka.ru
Ауди Центр Варшавка,Audi,http://audi-warshavka.ru
Ауди Центр Сити,Audi,http://audi-city.ru
Ауди Центр Север,Audi,http://audi-sever.ru
Ауди Центр Юг,Audi,http://audi-yug.ru
У Сервис+ Юг,Subaru,https://simferopolskoe.subaru.ru/
Субару Центр Автозаводская,Subaru,http://avtozavodskaya.subaru.ru
Субару Центр Химки,Subaru,http://khimki.subaru.ru
Субару Центр Башиловская,Subaru,http://bashilovskaya.subaru.ru
Субару Центр Крылатское,Subaru,http://krylatskoe.subaru.ru
Major Subaru Новорижский,Subaru,http://major.subaru.ru
Major Subaru МКАД 47 км.,Subaru,http://major-47km.subaru.ru
АСЦ на Ленинском,INFINITI,http://infiniti-asc.ru
АСЦ на Ленинградском,INFINITI,http://infiniti-asc.ru
У Сервис+,INFINITI,http://moscow-infiniti.ru
Автомэджик,INFINITI,http://infiniti-taganka.ru
Лексус - Измайлово,Lexus,http://lexus-i.ru
Лексус - Каширский,Lexus,https://lexusbc.ru/
Лексус - Коломенское,Lexus,http://lexusnm.ru
Лексус - Кунцево,Lexus,http://lexus-kuntsevo.ru
Лексус - Левобережный,Lexus,https://lexusbc.ru/
Лексус - Лосиный остров,Lexus,https://lexusbc.ru/
Лексус - Новорижский,Lexus,http://major-lexus.ru
Лексус - Рублевский,Lexus,https://lexusbc.ru/
Лексус - Сокольники,Lexus,http://major-lexus.ru
Лексус - Ясенево,Lexus,http://lexus-yasenevo.com
Inchcape Jaguar Land Rover Центр,Land Rover,http://landrover.musa-motors.ru
Inchcape Jaguar Land Rover Юг,Land Rover,http://landrover.musa-motors.ru
Major Land Rover МКАД 47 км,Land Rover,http://major-landrover.ru
Major Land Rover МКАД 18 км,Land Rover,http://major-landrover.ru
Major Land Rover Новорижский,Land Rover,http://major-landrover.ru
Авилон,FIAT,http://www.fiat-avilon.ru
Major Auto,FIAT,http://major-fiat.ru
"INCHCAPE, Варшавское шоссе",Volvo,http://musa-motors.ru
INCHCAPE Центр,Volvo,http://musa-motors.ru
Major Auto,Volvo,http://majorcars.ru
Major Auto,Volvo,http://majorcars.ru
Major Auto,Volvo,http://majorcars.ru
Major Auto,Volvo,http://majorcars.ru
Хонда Боровское,Honda,http://aoyama.ru
Хонда Новая Рига,Honda,http://major-honda.ru
АвтоСпецЦентр Citroen Химки,Citroen,http://citroen-asc.ru
Ситроен Отрадное,Citroen,http://alva.citroen.ru
Major Auto,Citroen,http://major-citroen.ru
Автоцентр Сити,Chevrolet,http://avto-city.ru
AA Major Auto,Chevrolet,http://major-chevrolet.ru
Автомир Щелковское ш.,Chevrolet,http://chevrolet-avtomir.ru/
Favorit Motors,Ford,http://ford-favorit.ru
Major Auto Mitsubishi Дмитровка,Mitsubishi,http://mitsubishi-major.ru
Автомир Крылатское,Mitsubishi,http://vkrylatskom-mitsubishi.ru
Ауди Центр Екатеринбург,Audi,http://audi-ekaterinburg.ru/
Ауди Центр Краснодар,Audi,http://audi-krasnodar.ru/
Ауди Центр Кубань,Audi,http://audi-kuban.ru/
Ауди Центр Ростов,Audi,http://audi-rostov.ru/
Ауди Центр Петроградский,Audi,http://audi-petrogradsky.ru/
Ауди Центр Витебский,Audi,http://audi-vitebskiy.ru/
Ауди Центр Тюмень,Audi,http://audi-tyumen.ru/
Автомобили Баварии - Пермь,BMW,http://bmw-abperm.ru/
Алдис - Самара,BMW,http://bmw-aldis.ru/
АВТODОМ на Стартовой (СПб),BMW,http://bmw-avtodom.ru/
Аксель-Моторс,BMW,http://bmw-axsel.ru/
Аксель-Моторс Север,BMW,http://bmw-axsel.ru/
Евросиб Лахта,BMW,http://bmw-lahta.ru/
Евросиб,BMW,http://bmw-eurosib.ru/
Премиум-Дина,BMW,http://bmw-premiumdina.ru/
Автомир 36,Chevrolet,http://avtomir.ru
Автобан-Урал,Chevrolet,http://chevrolet.avtoban.biz/
ДАВ-АВТО-ЦЕНТР,Chevrolet,http://chevrolet.dav-auto.ru/
Автоцентр АЛЬФА,Chevrolet,http://niva-samara.ru/
Форсаж,Chevrolet,http://chevrolet.laura.ru/
Прагматика,Chevrolet,http://pragmaticar.ru
Де Вилль,Chevrolet,https://chevrolet-deville.ru
Автомир-Ярославль,Chevrolet,http://chevrolet-avtomir.ru/
Автомир-Самара,Ford,http://samara.ford-avtomir.ru/
РОЛЬФ Октябрьская,Ford,http://rolf-ford.ru
Автоград,Ford,http://ford-agrad.ru
Хонда Лахта,Honda,http://maximum-honda.ru/
Ринг Авто,Hyundai,http://hyundai-ringauto.ru
Блок Роско Моторс,Hyundai,http://hyundai-block-rosko.ru
Калуга Авто,Hyundai,http://hyundai-kalugaauto.ru
Сильвер-Моторс,Hyundai,http://hyundai-silver.ru
ААА моторс,Hyundai,http://hyundai-aaamotors.ru
Самарские Автомобили,Hyundai,http://hyundai-samavto.ru
Рольф Лахта,Hyundai,http://hyundai-rolf.ru/contacts/dealers/rolf-lakhta/
ДАКАР Невский,Hyundai,http://hyundai-dacar.ru
Восток-Авто Бухарестская,Hyundai,http://hyundai-vostokavto.ru
Восток-Авто Жукова,Hyundai,http://hyundai-vostokavto.ru
Автокомплекс Регинас,Hyundai,http://hyundai-reginas.ru
Юнайт Моторс,Mazda,http://mazda33.ru
Автопойнт,Mazda,http://volgograd.avtopoint-mazda.ru
Ринг М,Mazda,http://mazda-voronezh.ru
ААА моторс,Mazda,http://mazda-krasnodar.ru
Джейкар,Mazda,http://mazdann.ru
ААА моторс,Mazda,http://mazda-rostov.ru
Евросиб-Авто на Боровой,Mazda,http://mazdaspb.ru
Евросиб-Авто на Пулковском,Mazda,http://mazdaspb.ru
Рольф Лахта,Mazda,http://rolf-mazda.ru
Автопойнт Хошимина,Mazda,http://avtopoint-mazda.ru
Атлас,Mercedes-Benz,http://mercedes-ivanovo.ru
Орион,Mercedes-Benz,http://mercedes-orion.ru
Авангард,Mercedes-Benz,http://mercedes-avangard.ru
Автофорум Нева,Mercedes-Benz,http://mercedes-autoforum-spb.ru
Олимп Нева,Mercedes-Benz,http://mercedes-olimp-neva.ru
Звезда Невы (Витебский проспект),Mercedes-Benz,http://mercedes-zvezdanevy.ru
Адонис-Авто,Mercedes-Benz,http://mercedes-adonis-auto.ru
КорсГрупп,Mitsubishi,http://kasamavto-mitsubishi.ru
Галант-Авто на Выборгском,Mitsubishi,http://galant-mitsubishi.ru
Галант-Авто на Жукова,Mitsubishi,http://galant-mitsubishi.ru
Максимум,Mitsubishi,http://maximum-mitsubishi.ru
РОЛЬФ Витебский MITSUBISHI,Mitsubishi,http://rolf-vitebskiy.ru
РОЛЬФ Лахта,Mitsubishi,http://rolf-mitsubishi.ru
РОЛЬФ Октябрьская,Mitsubishi,http://rolf-mitsubishi.ru
Автобат,Volkswagen,https://vw-autobat.ru/
Автомир,Volkswagen,http://vw-avtomir-vrn.ru
Автобан-Запад-Плюс,Volkswagen,http://vw-avtoban.ru
Автобан-Север-Плюс,Volkswagen,http://vw-avtoban.ru
Автогранд,Volkswagen,http://vw-avtogrand.ru
Автоцентр Вольф,Volkswagen,http://vw-wolf.ru
Автоштадт-Сервис,Volkswagen,http://vw-kaluga.ru
Сибавтоцентр,Volkswagen,http://vwkemerovo.ru
АвтоКлаус Центр,Volkswagen,http://vw-nn.ru
Артан,Volkswagen,http://artan.nnov.ru
Фольксваген Центр Нижний Новгород,Volkswagen,http://vw-artanmotors.ru
Фольксваген Центр Пермь,Volkswagen,http://volkswagen.perm.ru
Экскурс,Volkswagen,http://exkurs.ru
ААА моторс,Volkswagen,http://vw-aaamotors.ru
Л-Авто,Volkswagen,http://vw-rostov.ru
Автоштадт,Volkswagen,http://vw-stat.ru
Аксель-Сити Volkswagen,Volkswagen,http://vw-axsel.ru
Аксель-Сити Юг Volkswagen,Volkswagen,http://volkswagen-axsel.ru
Классика,Volkswagen,http://vw-klassika.ru
Сигма Моторс,Volkswagen,http://sigma-motors.ru
Фольксваген Центр Лахта,Volkswagen,http://vw-petersburg.ru
Фольксваген Центр Пулково,Volkswagen,http://vw-petersburg.ru
Фольксваген Центр Макон Авто,Volkswagen,http://makonauto.ru
КайзерАвто,Volkswagen,http://kaizerauto.ru
Авто-Дина,Volkswagen,http://auto-dina.ru
Автоцентр Керг,Volkswagen,http://kerg.ru
АВТОГРАД,KIA,http://avtograd-vladimir.kia.ru
БОРАВТО на 9 Января,KIA,http://borauto.kia.ru
МОТОР ЛЕНД,KIA,http://motorland.kia.ru
КИА НА РАСТОЧНОЙ,KIA,http://unicum-kia.ru
Lucky Motors,KIA,http://www.kia.luckymotors.ru
ТрансТехСервис-19,KIA,http://tts-kazan.kia.ru
ТрансТехСервис-7,KIA,http://tts-kazan.kia.ru
РВ СЕРВИС,KIA,http://rv-service.kia.ru
КИА ЦЕНТР КРАСНОЯРСК,KIA,http://kiacenter-krasnoyarsk.ru
БЦР МОТОРС,KIA,http://bcr.kia.ru
БЦР МОТОРС НА НОВИКОВА-ПРИБОЯ,KIA,http://bcrmotors.kia.ru
KIA Нижегородец,KIA,http://inpro.kia.ru
АВИНГРУП,KIA,http://avingroup.kia.ru
КИА ЦЕНТР НА МОСКОВСКОМ,KIA,http://na-moskovskom.kia.ru
КИА ЦЕНТР САМАРА,KIA,http://kia-samara.kia.ru
ШУВАЛОВО-МОТОРС,KIA,http://shuvalovomotors.ru
Автоцентр Автопродикс,KIA,http://moncom-auto.kia.ru
ДАКАР Kia Московский,KIA,http://dacar.kia.ru
"KIA пр. Салавата Юлаева, 65",KIA,http://tts-ufa.kia.ru
ТрансТехСервис,KIA,http://tts-ufa.kia.ru
Лексус — Пулково,Lexus,http://lexus-pulkovo.ru/
Лексус — Приморский,Lexus,http://lexuscenter.ru/
Лексус - Ярославль,Lexus,http://lexus-yar.ru/
Нижегородец,Nissan,http://nissan.nnmotors.ru
Nissan на Сусловой,Nissan,http://nissan.nnmotors.ru
Самарские Автомобили,Nissan,http://nissansamara.ru
Самарские Автомобили,Nissan,http://nissansamara.ru
Автопродикс Гражданский,Nissan,http://nissan.autoprodix.ru
МАРКА,Nissan,http://m-nissan.ru
Автопродикс Приморский,Nissan,http://nissan.autoprodix.ru
Nissan КорсГрупп,Nissan,http://nissantula.ru
ААА Моторс на Левом берегу,Renault,http://renaultvrn.ru
Автобан-Renault,Renault,http://avtoban-renault.ru
Автомир-Екатеринбург,Renault,http://ekt.renault-avtomir.ru
Сатурн-Л,Renault,https://saturn-l.ru/
Сатурн-Р-АВТО Пермь (Подлесная),Renault,https://renault.saturn-r.ru/
Авингруп,Renault,https://avingroup.ru
ААА МОТОРС,Renault,http://renault-rnd.ru
РОЛЬФ ЛАХТА RENAULT,Renault,http://rolf-renault.ru
РОЛЬФ ПОЛЮСТРОВО,Renault,http://rolf-renault.ru
Автопродикс,Renault,http://www.renault.autoprodix.ru
ПЕТРОВСКИЙ АВТОЦЕНТР,Renault,http://petrovskiy.ru
NORD AVTO,Renault,http://renault.nordavtotver.ru
Сим-Ярославль,Renault,http://renault-yaroslavl.ru
Богемия Юг,Skoda,http://bogemia-yug.ru
Авто-Славия,Skoda,http://avtoslavia.ru
Автоцентр Злата,Skoda,http://zlata-nn.ru
Прага Моторс,Skoda,http://praga-motors.ru
Л-Моторс,Skoda,http://l-motors.gedon.ru
Автомир Богемия Самара,Skoda,http://skoda.avtomir-bs.ru
Автоцентр на Энгельса,Skoda,http://auto-centr.com
Пулково-Авто,Skoda,http://skoda-wagner.ru
Сигма Сервис,Skoda,http://sigma-service.ru
Неон-Авто,Skoda,http://skoda-wagner.ru/
Автопремиум на Хасанской,Skoda,http://auto-centr.com
Автоцентр Витебский,Skoda,http://skoda-vitebskiy.ru
С-Авто,Skoda,http://skoda-s-auto.ru
Интер Кар,Skoda,http://interkar.ru
Богемия Центр,Skoda,http://www.bogemia-yar.ru
Автомир,Suzuki,http://ekt.suzuki-avtomir.ru
Автомир,Suzuki,http://samara.suzuki-avtomir.ru/
Автомир Suzuki Санкт-Петербург,Suzuki,http://spb.suzuki-avtomir.ru/
Тойота Центр Воронеж,Toyota,http://toyota-vrn.ru/
Тойота Центр Екатеринбург Восток,Toyota,http://toyota-vostok.ru/
Тойота Центр Кемерово,Toyota,http://toyotakemerovo.ru/
Тойота Центр Липецк,Toyota,http://toyota-l.ru/
Тойота Центр Пермь,Toyota,http://toyota59.ru/
Тойота Центр Ростов-на-Дону Юг,Toyota,http://toyotarostov.ru/
Тойота Центр Невский,Toyota,http://toyota-nevsky.ru/
Тойота Центр Пискаревский,Toyota,https://toyota-dealer.ru/
Тойота Центр Приморский,Toyota,http://toyotacenter.ru/
Тойота Центр Пулково,Toyota,https://toyota-dealer.ru/
Тойота Центр Парнас,Toyota,http://toyotacenter.ru/
Тойота Центр Уфа Север,Toyota,http://toyota-ufa-sever.ru/
Тойота Центр Челябинск Восток,Toyota,http://toyotachel.ru/
Тойота Центр Ярославль,Toyota,http://toyota-yar.ru/
Порше Центр Таганка,Porsche,http://www.porsche-asc.ru/
Ауди Центр Восток,Audi,http://audi-vostok.ru
AXIS Петербург,Citroen,http://axisspb.citroen.ru/
ТСК Автомир-Санкт-Петербург,KIA,http://avtomir-spb.kia.ru/
АВТОПОРТ,BMW,http://bmw-avtoport.ru
Автоцентр Сити,Cadillac,http://avto-city.ru/auto/cadillac/
Автоцентр Великан,Volkswagen,http://velikan-vw.ru
Тойота Центр Левобережный,Toyota,https://toyotabc.ru/
Автопродикс Московский,Nissan,http://nissan.autoprodix.ru
Автопродикс Инфинити Приморский,INFINITI,http://infiniti.autoprodix.ru
Автопродикс Инфинити Московский,INFINITI,http://infiniti.autoprodix.ru
Тойота Центр Люберцы,Toyota,http://toyota-lubercy.ru
АВИЛОН,Land Rover,http://landrover.avilon.ru
АВИЛОН,Jaguar,http://jaguar.avilon.ru
РОЛЬФ ЯСЕНЕВО,Land Rover,http://landroveryasenevo.ru
Автохолдинг,KIA,http://autoholding.kia.ru
Автомир Варшавка,Mitsubishi,http://mitsubishi-avtomir.ru
РОЛЬФ ЯСЕНЕВО,Jaguar,http://jaguaryasenevo.ru
Порше Центр Ясенево,Porsche,http://porsche-rolf.ru
БорисХоф MINI МКАД 29,MINI,http://mini-borishof.ru
БорисХоф MINI Котельническая наб.,MINI,http://mini-borishof.ru
АВИЛОН,MINI,http://mini-avilon.ru
СИМ Ярославль,Hyundai,http://hyundai-yaroslavl.ru
Рольф Вешки,Nissan,http://pelican.ru
АА Major-Auto,Cadillac,http://major-cadillac.ru
FAVORIT MOTORS СЕВЕР,Chevrolet,http://chevrolet-favorit.ru
Major Auto НОВОРИЖСКОЕ ШОССЕ,FIAT,http://major-fiat.ru
Автомир Щелковская,Hyundai,http://avtomir.ru
MAJOR AUTO,Jaguar,http://major-jaguar.ru
MAJOR AUTO,Jaguar,http://major-jaguar.ru
MAJOR AUTO,Jaguar,http://major-jaguar.ru
INCHCAPE JAGUAR LAND ROVER ЦЕНТР,Jaguar,http://jaguar.musa-motors.ru
INCHCAPE JAGUAR LAND ROVER ЮГ,Jaguar,http://jaguar.musa-motors.ru
Компания-Т,KIA,http://t-company.kia.ru
АвтоГЕРМЕС Волгоградский пр-кт,Lada,http://avtogermes.lada.ru
АвтоГЕРМЕС ш.Энтузиастов,Lada,http://avtogermes.lada.ru
АвтоГЕРМЕС Ярославское ш.,Lada,http://avtogermes.lada.ru
АвтоГЕРМЕС Дмитровское ш.,Lada,http://avtogermes.lada.ru
Орехово-АвтоЦентр,Lada,
Звезда Столицы Каширка (филиал Рольф),Mercedes-Benz,http://mercedes-zsk.ru
АВТODОМ на Зорге 17,MINI,http://mini-avtodom.ru
АВТODОМ на 51 км МКАД,MINI,http://mini-avtodom.ru
АВТО-АВАНГАРД,MINI,http://mini-avangard.ru
АДВАНС-АВТО,MINI,http://mini-advance.ru
Автомир Nissan Щелковская,Nissan,http://nissan-avtomir.ru
ААА ФАВОРИТ МОТОРС,Peugeot,http://peugeot-favorit.ru
Порше Центр Москва,Porsche,http://porsche-moscow.ru
АвтоСпецЦентр Внуково,Skoda,http://autoskd.ru
Звезда Столицы,Smart,http://mercedes-zs.ru
АВТОДОМ Пулково,Smart,http://www.smart-pulkovo.ru
VOLVO CAR КОПТЕВО,Volvo,http://volvocarkoptevo.ru
АВТОБИОГРАФИЯ,Jaguar,http://abg-jaguar.ru
ОМЕГА-ПРЕМИУМ,Jaguar,http://jaguar-centre.ru
РОЛЬФ АВТОПРАЙМ,Jaguar,http://jaguar-rolf.ru
РОЛЬФ НА ОКТЯБРЬСКОЙ НАБЕРЕЖНОЙ,Jaguar,http://jaguar-rolf.ru
Интей Лада,Lada,http://intei.lada.ru
Город русских машин,Lada,
Автоцентр Парнас,Lada,http://parnas.lada.ru
Форсаж,Lada,http://forsage.lada.ru
Прагматика,Lada,http://pragmatika.lada.ru
Лада-Центр Купчино,Lada,http://kupchino.lada.ru
АВТОБИОГРАФИЯ,Land Rover,http://abg-landrover.ru
ОМЕГА-ПРЕМИУМ,Land Rover,http://omega-premium.ru
АВТОПРАЙМ,Land Rover,http://landrover-rolf.ru
РОЛЬФ НЕВА,Land Rover,http://landrover-rolf.ru
Порше Центр Пулково,Porsche,http://porsche-pulkovo.ru
Субару Центр Пулково,Subaru,http://c-subaru.ru/
Субару Центр Пискаревский,Subaru,http://c-subaru.ru/
Субару Центр Лахта,Subaru,http://c-subaru.ru/
Автопремиум на Руставели,Skoda,http://auto-centr.com
АВТОБИОГРАФИЯ,Volvo,http://avtobg.ru
Фольксваген Центр Таллинский,Volkswagen,http://vw-petersburg.ru
Автомир Datsun,Datsun,http://datsun-avtomir-msk.ru
Major,Datsun,http://major-datsun.ru
Автопродикс,Datsun,http://datsun.autoprodix.ru/
Максимум,Hyundai,http://hyundai-maximum.ru
Renault КорсГрупп,Renault,https://renault-korsgroup.ru
Автомир Ford Марьино,Ford,http://ford-avtomir.ru
Галант-Авто,Mitsubishi,http://mitsubishi51.ru
Ситроен Favorit Motors Коптево,Citroen,http://citroen-favorit.ru
АвтоГЕРМЕС KIA Рябиновая,KIA,http://kia-avtogermes.ru
АвтоГЕРМЕС Hyundai Балашиха,Hyundai,http://hyundai-avtogermes.ru
АвтоСпецЦентр Внуково,Nissan,http://autonissan.ru
АВТОПОРТ,MINI,http://mini-avtoportm.ru
Аксель-Моторс MINI Север,MINI,http://mini-axsel.ru
АвтоСпецЦентр DATSUN Химки,Datsun,http://datsun-asc.ru
АвтоГЕРМЕС KIA Рязанский проспект,KIA,http://kia-avtogermes.ru
Автоцентр Сити Юг,Hyundai,http://hyundai-avtocity.ru
VOLVO CAR Тульская,Volvo,http://volvocartulskaya.ru
Автомир KIA Крылатское,KIA,http://www.kia-avtomir.ru
Хендэ Центр Тургеневский,Hyundai,http://hyundai-turgenevskiy.ru/
Автохолдинг Ф,Renault,http://autoholding-renault.ru
Киа Центр Зеленоград,KIA,http://www.kia-zelenograd.ru
Автомир RENAULT Химки,Renault,http://renault-avtomir.ru
Автомир RENAULT Краснодар,Renault,http://kr.renault-avtomir.ru
Автомир Volkswagen Новосибирск,Volkswagen,http://vw-avtomir-nsk.ru
Автомир GM Саратов,Chevrolet,http://www.chevrolet-saratov.ru
Автомир Ford Ярославль,Ford,http://www.yar.ford-avtomir.ru
Автомир GM Брянск,Chevrolet,http://br.chevrolet-avtomir.ru/
Автомир Ford Брянск,Ford,http://www.br.ford-avtomir.ru
Автомир Hyundai Брянск,Hyundai,http://hyundai-avtomir-br.ru
Автомир HYUNDAI Новосибирск,Hyundai,http://www.hyundai-avtomir-nsk.ru
Автомир Peugeot Ярославль,Peugeot,http://dealer.peugeot.ru/avtomir-yar
Автомир Volkswagen Саратов,Volkswagen,http://www.vw-avtomir-srt.ru
Акрос,Hyundai,http://hyundai-akros.ru
Тойота Центр Курск,Toyota,http://toyotabc-kursk.ru
КОРСГРУПП,Datsun,http://www.datsun-tula.ru
У Сервис+ на Волоколамском шоссе,KIA,http://www.uservice.kia.ru/
Тойота Центр Тольятти,Toyota,http://ton-auto.ru/
АВТОСПЕЦЦЕНТР СТОЛИЦА,KIA,http://www.kia-asc.ru/
Лексус Липецк,Lexus,http://lexus-l.ru/o-kompanii/
Volkswagen Башавтоком,Volkswagen,http://volkswagen.bashauto.com/
Автомир Богемия Новорязанка,Skoda,http://www.bogemia-skd.ru
Автомир Nissan Саратов,Nissan,http://srt.nissan-avtomir.ru
Автомир Datsun Ярославль,Datsun,http://www.datsun-avtomir-yar.ru
Автомир Datsun Саратов,Datsun,http://datsun-avtomir-srt.ru
Премьера,Volkswagen,http://www.volkswagen.primjera.ru
Автоцентр МиК,DongFeng,http://mik.dongfengmotor.ru
АВТОМИР DATSUN БРЯНСК,Datsun,http://www.datsun-avtomir-br.ru
АВТОМИР NISSAN БРЯНСК,Nissan,http://br.nissan-avtomir.ru
АВТОМИР SUZUKI НОВОСИБИРСК,Suzuki,http://nsk.suzuki-avtomir.ru
Автомир Ford Екатеринбург,Ford,http://ekt.ford-avtomir.ru
Премьера-Центр,Skoda,http://skoda.primjera.ru
Автобан-Юг,Volkswagen,http://vw-avtoban.ru
АвтоГЕРМЕС Варшавское шоссе,UAZ,http://www.uaz-avtogermes.ru
АвтоГЕРМЕС Волгоградский пр-т,UAZ,http://www.uaz-avtogermes.ru
АвтоГЕРМЕС Дмитровское ш.,UAZ,http://www.uaz-avtogermes.ru
АвтоГЕРМЕС Ярославское ш.,UAZ,http://www.uaz-avtogermes.ru
ИнтерАвто,Volkswagen,http://volkswagen-rzn.ru
Автомир Nissan Архангельск,Nissan,http://arh.nissan-avtomir.ru
АВТODОМ на Стартовой (СПб),MINI,http://www.mini-avtodom.ru
Тойота Центр Брянск,Toyota,http://www.br.toyota-avtomir.ru
Тойота Центр Челябинск Север,Toyota,http://chel.toyota-avtomir.ru
Тойота Центр Новосибирск Запад,Toyota,http://nsk.toyota-avtomir.ru
Регион-Авто,DongFeng,http://region-auto.dongfengmotor.ru
Алдис - Тольятти,BMW,http://bmw-aldis.ru
Автомир,Datsun,http://datsun-avtomir-arh.ru/
ААА моторс Центр,Skoda,http://www.aaamotors-skoda.ru
ААА Моторс Jaguar,Jaguar,http://www.jaguar-rostov.ru
ААА MОТОРС JAGUAR LAND ROVER,Land Rover,http://www.landrover-rostov.ru
Лексус – Архангельск,Lexus,http://lexus-axsel.com
Тойота Центр Архангельск,Toyota,http://toyota-axsel.com/
Аксель-Архангельск,Volkswagen,http://www.axsel-vw.ru/
Лексус — Мурманск,Lexus,http://lexus-murmansk.ru
Аксель-Ренорд,Renault,http://www.renault-axsel.ru
Тойота Центр Мурманск,Toyota,http://www.axsel-toyota.ru
Тойота Центр Воронеж Север,Toyota,http://toyota-vrn.ru
Лексус — Воронеж,Lexus,http://lexus-vrn.ru
Автомир Suzuki Новокузнецк,Suzuki,http://nvk.suzuki-avtomir.ru
Феникс-Авто НМ,Hyundai,http://www.hyundai-fenixauto.ru
Феникс Авто,Skoda,http://www.skoda.fenix-auto.ru
Фольксваген Центр Евразия,Volkswagen,http://www.vw.tomsk.ru
Динамика,Hyundai,http://www.hyundai-kaliningrad.ru
FAVORIT MOTORS Варшавское шоссе,KIA,http://kia-favorit.ru/
FAVORIT MOTORS Ленинградское шоссе,Cadillac,http://cadillac-favorit.ru
Урал-Авто,KIA,http://ural-avto.kia.ru/
КИА центр Новомосковск,KIA,http://kia-nmsk.ru/
Мартен Вологда,Lada,http://marten.lada.ru/
Вектор-Авто,Chevrolet,http://vektor-avto.ru/
Авторай-КИА,KIA,http://vtoray.kia.ru
ДО-КАР,KIA,http://do-car.kia.ru/
Ринг М,Mazda,http://www.mazda-lipetsk.ru
АвтоРай,Lada,http://avtoray.lada.ru
ОренРольф,Hyundai,http://hyundai-orenrolf.ru
МАРКА,Nissan,http://kazan.m-nissan.ru/
МАРКА,Datsun,http://m-datsun.ru/
МАРКА,Nissan,http://vologda.m-nissan.ru/
ФЕНИКС АВТО,Suzuki,http://suzuki-omsk.ru/
Евротехцентр,Volkswagen,http://www.vw55.ru
Киа Центр Ринг,KIA,http://kia-lipetsk.ru
АвтоАвангард,Lada,http://lada58.ru
РУС-АВТО,UAZ,http://uaz-rusauto.ru
Оренбургсервис,Lada,http://orenburgservis.lada.ru
Ринг Авто,Hyundai,http://hyundai-oskol.ru
Ринг Авто Оскол,Volkswagen,http://www.vw-oskol.ru
СИМБИРСК-ЛАДА,Lada,http://simbirsk.lada.ru
Автомир Mazda Архангельск,Mazda,http://arh.mazda-avtomir.ru
Автосалон Евразия,Skoda,http://www.autoevrazia.ru/
АВТОРАЙ-ЦЕНТР,Nissan,http://nissan.avtoray.ru
АВТОРАЙ-ЦЕНТР,Datsun,http://datsun.avtoray.ru
УралАвтоХаус Магнитогорск,Mercedes-Benz,http://www.mercedes-magnitogorsk.ru
ЦЕНТР-АРХАНГЕЛЬСК,Subaru,http://c-subaru.ru/
Центр-Воронеж,Subaru,http://c-subaru.ru/
СУБАРУ ЦЕНТР ВОЛОГДА,Subaru,http://c-subaru.ru/
ЦЕНТР-ПЕТРОЗАВОДСК,Subaru,http://c-subaru.ru/
Центр-Мурманск,Subaru,http://c-subaru.ru/
Центр-Ярославль,Subaru,http://c-subaru.ru/
Автомастер,Renault,http://www.renault.am58.ru
Север-Авто Мурманск,Skoda,http://avtoslavia.ru
Ринг Авто Оскол,Nissan,http://nissan-ringauto.ru
ТолСар,BMW,http://www.bmw-tolsar.ru
Ауди Центр Саратов,Audi,http://www.audi-saratov.ru
Ринг Авто Оскол,Datsun,http://www.datsun-oskol.ru
Альт-Парк,Skoda,http://www.alt-park.ru
ТТС-Чебоксары,Skoda,http://skoda-ttscheb.ru
Авангард Авто,Skoda,http://skoda-avangard.ru/
Сильвер-Авто ГРУПП,Lada,https://magnitogorsk.lada.ru
Сильвер-Авто,Chevrolet,http://niva-magnitogorsk.ru
Тойота Центр Орёл,Toyota,http://toyota-orel.ru
АвтоГЕРМЕС Каширское ш.,Lada,http://www.avtogermes.ru/sale/lada/
ААА Моторс Север,Renault,http://renaultvrn.ru
Автомир Renault Новосибирск,Renault,http://nsk.renault-avtomir.ru
Автомир Renault Новокузнецк,Renault,http://nvk.renault-avtomir.ru
Авилон Воздвиженка,Mercedes-Benz,http://www.mercedes-vozdvizhenka.ru
Автомастер,Renault,http://www.renault.am58.ru
Автомастер,Renault,http://www.renault.am58.ru
FAVORIT MOTORS Ленинградское шоссе,Renault,http://renault-favorit.ru
Автопрага Восток,Skoda,http://www.autopraga.ru
Фольксваген Фаворит Хофф,Volkswagen,http://vw-favorit.ru
Элвис-Моторс,Volkswagen,http://elvismotors.ru
Автопойнт,Mazda,http://www.mazda-murmansk.ru
Возрождение,Volkswagen,http://www.vw-orelavto.ru
Ринг Авто Липецк,Hyundai,http://www.hyundai-ringauto.ru
Элвис,Renault,http://www.renaultsaratov.ru
Мотом,Volkswagen,http://www.motom.ru
Автосалон Союз,Chevrolet,http://www.chevrolet.souz.kirov.ru
Гедон-Аксай,Volkswagen,http://vw-aksay.ru
АПЕЙРОН-Н,Nissan,http://www.nissan-nmsk.ru
Элвис-Рос-С (Балаково),Renault,http://www.renaultsaratov.ru
LADA Центр Киров,Lada,http://awdgroup.lada.ru
Серебряный саквояж,KIA,http://www.kia-magnitogorsk.ru
Алгоритм-Сервис,Lada,http://algoritm.lada.ru
Север-Авто-Плюс,Lada,http://sever-avto.lada.ru
АЦ Кунцево,Lada,http://kuntsevo.lada.ru
ТЦ Кунцево (коммерческие автомобили),Volkswagen,http://commercial.volkswagen-kuntsevo.ru
Лада-Маркет,Lada,http://lada-market.lada.ru
Эксис Петербург,Peugeot,http://peugeot-axis.ru
КИА Центр Тавровский,KIA,http://tavrovsky.kia.ru/
ЛАНТ,Renault,http://www.lant-auto.ru
Major Hyundai Строгино,Hyundai,http://www.hyundai-major.ru
Major Lada Новорижский,Lada,http://www.major-lada.ru
Лексус - Сити,Lexus,http://city.major-lexus.ru
Тойота Центр Сити,Toyota,http://toyota-citycenter.ru
Форис,FIAT,http://www.major-fiat.ru
Автофорум Шереметьево,Mercedes-Benz,http://www.mercedes-autoforum.ru
AURORE AUTO,Nissan,http://www.aurore-nissan.ru
Major УАЗ Новорижский,UAZ,http://www.major-uaz.ru
Мэйджор Авто Цветочный Chrysler,Chrysler,http://www.major-chrysler.ru
Мэйджор Авто Новорижский Chrysler,Chrysler,http://www.major-chrysler.ru
ФОРИС Auto Chrysler,Chrysler,http://www.foris-auto.ru
Мэйджор Авто Цветочный,Jeep,http://www.major-jeep.ru
Форис,Jeep,http://jeep.foris-auto.ru
Рольф Центр,Jeep,http://rolf-center.ru
Тойота Центр Оренбург,Toyota,http://toyotaorenburg.ru
АЦ Волгоградский,Audi,http://www.audi-volgogradsky.ru/ru_partner/p_00420/ru.html
Авилон,Jeep,http://www.jeep-avilon.ru
РОЛЬФ ЦЕНТР,Renault,http://rolf-center.ru
ТСК Мотор,Volkswagen,http://www.vw-motor.ru
Евросиб,MINI,http://www.mini-eurosib.ru/
КИА ЦЕНТР АГАЛАТ,KIA,https://agalat.ru
Автоцентр Керг Курган,Volkswagen,http://www.vw-kerg-kurgan.ru
RTDService,Renault,http://www.rtds.ru
Автомир-Сургут,Renault,http://sgt.renault-avtomir.ru
АВИЛОН Maserati,Maserati,http://maserati-avilon.ru
Мэйджор Авто Новорижский,Jeep,http://www.major-jeep.ru
Major МКАД 18 км,Hyundai,http://www.hyundai-major.ru
Major МКАД 47 км,Hyundai,http://www.hyundai-major.ru
Лада-Сервис,Lada,http://oren.lada.ru
АКОС-ЧЕЛНЫ,Nissan,http://nissan-chelny.ru
АКОС,Datsun,http://datsun-chelny.ru
Центр-Кама,Mercedes-Benz,http://www.mercedes-kama.ru
Самара-Авто,Mazda,http://www.mazda-smavto.ru
Лексус – Иркутск,Lexus,http://lexus-irkutsk.ru
Башавтоком Юг,Lada,http://bashauto.lada.ru
АвтоГЕРМЕС Lifan Варшавское ш.,Lifan,http://www.avtogermes.ru/sale/lifan/
АвтоГЕРМЕС Lifan Волгоградский пр-т,Lifan,http://www.avtogermes.ru/sale/lifan/
Джили Центр Зеленоград,Geely,http://geely-z.ru/
РОСЬ-АВТО 3,Mazda,http://mazda-arman.ru
Автомир Богемия Нижний Новгород,Skoda,http://bogemia-nn.ru
Лексус – Набережные Челны,Lexus,http://lexus-chelny.ru
Гуд-Авто,Volkswagen,http://www.vw-good-auto.ru
INFINITI на Симферопольском шоссе,INFINITI,http://www.moscow-infiniti.ru/
Лада Центр Белгород,Lada,http://bel.lada.ru/?_ga=1.59105005.1374638757.1475582804
"АТЦ ""ДИЛАВ""",Lada,http://dilav.lada.ru
Вагнер Премиум Юг,Mercedes-Benz,http://www.mercedes-wagner.ru
Автомир,Chevrolet,http://nn.niva-avtomir.ru
Автомир Hyundai Новокузнецк,Hyundai,http://hyundai-avtomir-nvk.ru
Автомир-Трейд,Lada,http://yar-avtomir.lada.ru
Рус Моторс,BMW,http://www.bmw-rusmotors.ru
АвтоГЕРМЕС Lifan Дмитровское ш.,Lifan,http://avtogermes.lifan-car.ru
Сильвер-Авто ГРУПП,Lada,https://magnitogorsk.lada.ru
АГАС,Lifan,http://www.lifan-agas.ru
ДЦ Колесо,Lada,http://koleso.lada.ru
"Лада Центр Спутник, Белгород",Lada,http://sputnik.lada.ru
Рольф,Jeep,http://jeep-rolf.ru
Рольф Вешки,Skoda,http://skoda-pelican.ru
"Автосалон ""Гусар""",Lada,http://m-b.lada.ru
КИА-Центр Киров,KIA,http://kia.kirov.ru/
Техцентр Гусар,Renault,http://www.renault.kirov.ru
Рольф,Volkswagen,http://www.vw-rolf.ru
Нижегородец,Datsun,http://datsun.nnmotors.ru
АЦ Кунцево,Skoda,http://skoda-kuntsevo.ru
Нижегородец,Hyundai,http://hyundai.nnmotors.ru
Техсервис,Lada,http://texservice.lada.ru
СТО Михайловка,Lada,http://mihailovka.lada.ru
ЛАДА центр Череповец,Lada,http://lada-cherepovec.lada.ru
Автокредит-36,Lada,http://autocredit-36.lada.ru
Иркутск-АВТОВАЗ,Lada,http://irkutsk.lada.ru
ЗАПСИБ-ЛАДА,Lada,http://zapsib.lada.ru
ТСС-Арзамас,Lada,http://arzamas.lada.ru
ТРАНСФОР,Lada,http://transfor23.lada.ru
АВТОДОМ Пулково,Mercedes-Benz,http://www.mercedes-pulkovo.ru
Псков-Лада,Lada,http://pskov.lada.ru
Псков-Лада Великие Луки,Lada,http://pskov.lada.ru
Нижегородец УАЗ на Ларина,UAZ,http://uaz.nnmotors.ru
Нижегородец на Ларина,Chevrolet,http://www.nnmotors.ru
Нижегородец на Московском шоссе,Chevrolet,http://chevroletniva.nnmotors.ru
Автомир Байкальская,Peugeot,http://peugeot-avtomir.ru
Volvo CAR Самара,Volvo,http://volvocarsamara.ru/
АВТОМИР Щелковское ш,Citroen,http://www.citroen-avtomir.ru
Форсаж,Hyundai,http://hyundai-sale.com/#/
Фольксваген Центр Брянск,Volkswagen,http://www.bryansk-vw.ru
Кармен,Lada,http://karmen.lada.ru
Авто-Ревю,Lada,http://ar.lada.ru
Урал Лада,Lada,http://urallada63.lada.ru
Икар,Mercedes-Benz,http://www.mercedes-icar.ru
Форсаж,UAZ,https://auto.ilsa.ru
Эксперт НСК,Nissan,http://nissan-nsk.com
Форсаж,Peugeot,http://forsazh-peugeot.ru/
УАЗ НЕВА,UAZ,http://uaz-neva.ru/
Ауди Центр Выборгский,Audi,http://audi-vyborgsky.ru
Глазурит,Lada,http://glazurit.lada.ru/
ЛАДА ЕКАТЕРИНБУРГ СЕВЕР,Lada,http://tsa.lada.ru/
Каменск-Лада,Lada,http://kamensk.lada.ru/
Вершина-Лада,Lada,http://vershina.lada.ru/
ФОРСАЖ,Suzuki,http://suzuki-forsage.ru/
Автомир Hyundai Воронеж,Hyundai,http://hyundai-avtomir-vrn.ru
Рольф Октябрьская,Hyundai,http://hyundai-rolfoct.ru/
Major Volkswagen МКАД 47,Volkswagen,http://www.major-vw.ru/
Автомир Богемия Новосибирск,Skoda,http://bogemia-nsk.ru
Таллинский-Авто,Skoda,http://skoda-wagner.ru
Автомастер,Hyundai,http://hyundai-avtomaster.ru/
Автополе,Hyundai,http://hyundai-autopole.ru/
Планета Авто,Hyundai,http://hyundai-planeta-avto.ru/
Регион 62,Hyundai,http://hyundai-region62.ru
ДАВ-АВТО,Hyundai,http://hyundai-dav-auto.ru/
Медведь-СеверАвто,Hyundai,http://hyundai-krasnoyarsk.ru/
Хендэ-центр Красноярск,Hyundai,http://hyundai-krsk.ru
К-Моторс,Hyundai,http://hyundai-kmotors.ru/
Автофан,Hyundai,http://hyundai.avtofan.ru
Авто Брокер Мурманск,Hyundai,http://hyundai-abm.ru/
Орион Авто,Hyundai,http://hyundai.orion-kursk.ru
ТСК Мотор,Hyundai,http://hyundai-tskmotor.ru
Сура-Моторс,Hyundai,http://hyundai.sura-motors.ru
Тамбов-Авто,Hyundai,http://hyundai-tambovavto.ru
Авторай-Заволжье,Hyundai,http://hyundai-avtoray.ru/
Автоцентр АНТ,Hyundai,http://hyundai-ant22.ru
Сибкар,Hyundai,http://hyundai-sibcar.ru
Сибкар Север,Hyundai,http://hyundai-sibcar.ru/
Сибкар+,Hyundai,http://hyundai-sibcarplus.ru
КОМОС-Авто,Hyundai,http://hyundai-komos-auto.ru/
КОМОС-Авто,Hyundai,http://hyundai-komos-auto.ru
Атик-Моторс,Hyundai,http://hyundai-atic.ru
Арконт М,Hyundai,http://hyundai-arkont.ru/
ГК Мир,Hyundai,http://hyundai-gkmir.ru/
Медведь,Hyundai,http://hyundai-abakan.ru/
ИТС-Авто,BMW,http://www.bmw-its.ru/
Петровский Автоцентр,Renault,http://renault.petrovskiy.ru/
АвтоГЕРМЕС Дмитровское ш.,Chery,http://www.avtogermes.ru/sale/chery/
Лексус - Тольятти,Lexus,http://lexus-ton-auto.ru/
Major Peugeot МКАД 47 км,Peugeot,http://www.major-peugeot.ru/
СКС-Лада,Lada,http://sks.lada.ru/
Центр - Зеленоград,Hyundai,http://hyundai-zel.ru
БОРАВТО на Остужева,Lada,http://boravto-vrn.lada.ru/
Авилон Cadillac,Cadillac,http://cadillac-avilon.ru/
Авилон Chevrolet,Chevrolet,http://chevrolet.avilon.ru/
Борисоглебск-АВТО,Lada,http://boravto.lada.ru/
Авилон BMW,BMW,http://www.bmw-avilon.ru/
Автомир Богемия Ярославка,Skoda,https://www.bogemia-skd.ru/
Максимум KIA,KIA,http://maximum-kia.ru/
АЦ Новосибирск,Audi,http://www.audi-novosibirsk.ru
Авилон GENESIS,Genesis,http://genesis-avilon.ru
АвтоЛига Ярославль,Hyundai,http://hyundai-avtoliga.ru/
Максимум Genesis,Genesis,http://genesis-maximum.ru/
Техно-Темп Бородинская,Lada,http://tehno-temp.lada.ru/ds/
Ринг Авто Север,Hyundai,http://hyundai-ringsever.ru/
Регинас Магнитогорск,Nissan,http://www.nissan.reginas.ru
Major Mitsubishi Новорижский,Mitsubishi,http://www.mitsubishi-major.ru/
Major KIA МКАД 47 км,KIA,http://www.major-kia.ru/
Калуга-Лада,Lada,http://kaluga.lada.ru/
LADA РУМОС-Авто,Lada,http://rumos.lada.ru/
МБ-Орловка,Mercedes-Benz,https://www.mercedes-orlovka.ru
АВТОМИР Саратов,Mitsubishi,http://avtomir-mitsubishi-saratov.ru/
Ауди Центр Алтуфьево,Audi,http://audi-altufievo.ru
VOLVO CAR Алтуфьево,Volvo,http://volvocaraltufyevo.ru
РОЛЬФ,Chrysler,http://chrysler-rolf.ru
Лексус-Волгоградский,Lexus,http://lexus-volgogradskiy.ru/
Тойота Центр Волгоградский,Toyota,http://toyota-volgogradskiy.ru
Петровский Автоцентр (Руставели),Renault,http://petrovskiy.ru
Авангард,Smart,http://smart-avangard.ru
Авангард,Hyundai,http://hyundai-phoenix.ru/
Автоцентр UAZ Дунайский,UAZ,http://uaz-grm.ru
Форсаж,KIA,http://kia-forsage.ru/
Рольф Химки,Genesis,http://www.rolf-himki.ru/
АвтоГЕРМЕС GENESIS,Genesis,https://www.genesis.avtogermes.ru
Kia КорсГрупп Коломна,KIA,http://kolomna-kia.ru/
Прайм Авто,BMW,http://bmw-primeauto.ru
Сильвер Авто,UAZ,http://www.uaz-magnitogorsk.ru
Автомир Ford,Ford,https://www.ford-avtomir.ru
VOLVO CAR АВИЛОН,Volvo,http://vcaravilon.ru
Major Infiniti Новорижский,INFINITI,https://www.major-infiniti.ru/
Рольф-Алтуфьево Genesis,Genesis,http://genesis-hyundai.ru
БЦР Моторс,Mazda,http://www.mazda-bcrmotors.ru
Kia У Сервис+ Подольск,KIA,https://moscow-kia.ru/
KIA Рольф Пулково,KIA,https://rolf-kia.ru/
БЦР МОТОРС,Volvo,http://bcrpremium.ru
Автомир - Варшавка,Mazda,http://www.mazda-avtomir.ru
Автомир - Ярославка,Mazda,http://www.mazda-avtomir.ru
Форсаж Озерки,Volkswagen,https://volkswagen-forsage.ru
Major Honda Цветочный,Honda,http://www.major-honda.ru
Genesis Major Строгино,Genesis,http://www.genesis-major.ru/
ФК Моторс,Haval,https://fkmotors-haval.ru
GENESIS Центр Кунцево,Genesis,http://genesis-kuntsevo.ru
Петровский автоцентр,Renault,https://www.petrovskiy.ru
Сильвер-Авто ПРАЙД,Mitsubishi,http://www.mitsubishi-magnitogorsk.ru
INCHCAPE Hyundai,Hyundai,http://www.hyundai.inchcape.ru/
Рольф Genesis Октябрьская,Genesis,http://genesis.rolfoct.ru
Genesis Inchcape,Genesis,http://genesis.inchcape.ru
Крым-Автоxолдинг,Volkswagen,http://vw-avtoholding.ru
Фольксваген Центр Курск,Volkswagen,http://www.nemauto.ru
Lamborghini Москва Запад,Lamborghini,https://www.lamborghini-avtodom.ru
АРМАДА-АВТО,Mitsubishi,http://www.mitsubishi-armada.ru
Тойота Центр Ульяновск,Toyota,https://toyota73.ru
ТРИНИТИ МОТОРС,KIA,http://belgorod-kia.ru/
АлтайЕвроМоторс,Volkswagen,https://vw-alt.ru
Тойота Центр Тюмень Юг,Toyota,https://tyumen-toyota.ru/
Лексус Центр Тюмень,Lexus,http://tyumen-lexus.ru/
Major Chery Новорижский,Chery,https://major.chery.ru
FAW Центр Регион Авто,FAW,https://region-auto.china-faw.ru
ТОРГОВЫЙ ДОМ АРМАДА-АВТО,Geely,http://geely.kit-avto.ru
АВТОГЕРМЕС ВАРШАВСКОЕ Ш.,Chery,https://avtogermes.chery.ru
АВТОГЕРМЕС ВОЛГОГРАДСКИЙ ПР-Т,Chery,https://avtogermes.chery.ru
FAW Центр АвтоГЕРМЕС Дмитровское шоссе,FAW,https://avtogermesdmitrovka.china-faw.ru/
FAW АвтоГЕРМЕС Варшавское шоссе,FAW,https://avtogermes.china-faw.ru/
FAW Центр АвтоГЕРМЕС Волгоградский пр.,FAW,https://avtogermessormovskaya.china-faw.ru/
Нижегородец УАЗ на Московском шоссе,UAZ,http://uaz.nnmotors.ru
Моравия Центр,Skoda,http://moravia-motors.ru
Моравия Белгород,Skoda,http://moravia-motors.ru
FAW Центр Сателлит Моторс,FAW,https://satellit-motors.china-faw.ru/
Сателлит-моторс,UAZ,http://uaz-belgorod.ru/
SATELLITE MOTORS,Changan,http://satellite-motors.ru
КИТ-АВТО,Zotye,http://www.armada-avto.ru/novye-avtomobili/zotye/
Юпитер,Volkswagen,http://www.vw-orenburg.ru
VOLVO CAR БЕЛГОРОД,Volvo,http://motorland31.ru/
МОТОР ЛЕНД,Mitsubishi,https://mitsubishi-vrn.ru
Диал-Авто,Lada,https://dialavto.lada.ru
Порше Центр Тюмень,Porsche,https://www.porsche-tyumen.ru/
АвтоГЕРМЕС МКАД 44 км,KIA,http://kia-avtogermes.ru
АвтоГЕРМЕС Mitsubishi ш. Энтузиастов,Mitsubishi,http://www.avtogermes.ru/contacts/salon/156/
Инкомсервис-Магнитогорск,Lada,https://inkomservis-m.lada.ru
"Фирма ""Овен-Авто""",Lada,https://oven-auto.lada.ru
Саранскмоторс+,Lada,https://region-13.lada.ru
Саранскмоторс,Skoda,http://skoda.saranskmotors.ru/
Саранскмоторс,Chevrolet,http://niva.saranskmotors.ru
Мотор Ленд,Jeep,http://jeepvrn.ru/
Самара-Авто,Lada,https://samara-avto.lada.ru
БОРАВТО на ОСТУЖЕВА,Chevrolet,http://chevrolet.boravto-vrn.ru
AA Major Auto Тушино,KIA,http://www.major-kia.ru/
БЦР Моторс на Казанском шоссе,KIA,http://bcr.kia.ru/
Автомир KIA Архангельск,KIA,https://avtomir-arh.kia.ru/
БОРАВТО ТАМБОВ Nissan,Nissan,http://nissan-tambov.ru
БОРАВТО-Тамбов Datsun,Datsun,http://datsun-tambov.ru
БОРАВТО Тамбов Chevrolet Niva,Chevrolet,https://niva.borauto-tambov.ru
Борисоглебск Авто Chevrolet,Chevrolet,http://akb-b.ru
БОРИСОГЛЕБСК-АВТО,Nissan,http://nissan-borauto.ru
БОРАВТО Викинги,Chevrolet,https://lipetskniva.ru
СКС,Chevrolet,http://chevrolet.sksvrn.ru
Сильвер Авто,Hyundai,http://www.hyundai-magnitogorsk.ru
Саранскмоторс,KIA,https://saranskmotors.kia.ru
ХАВЕЙЛ КУНЦЕВО,Haval,https://kuntsevo.haval.ru
Major Auto Haval Новорижский,Haval,https://major.haval.ru
Major Auto Geely Псковская,Geely,https://www.major-geely.ru
Автоцентр МиК,Hawtai,http://www.automik.ru
Автоцентр МиК,Changan,http://www.automik.ru
Тойота Центр Волхонский,Toyota,https://toyotacenter.ru/
МОТОР ЛЕНД,Nissan,https://nissan-motorland.ru
РОНА,Lada,https://rona.lada.ru
МОТОР ЛЕНД,Volvo,http://www.motorlandgroup.ru/
Ауди Центр Лахта,Audi,https://www.audi-lahta.ru/ru.html
Урал-Пермь (Спешилова),Renault,https://renault-perm.ru/
Сатурн-Р-АВТО Пермь (Березники),Renault,https://renault.saturn-r.ru/
ДОЛАВТО,Zotye,http://www.dolavto.ru
ДОЛАВТО,FAW,http://www.dolavto.ru
GENESIS СИМ,Genesis,http://genesis-sim.ru/
УАЗ Центр Березoвский,UAZ,http://uaz-avtoban.ru
АВТОБАН-КИА,KIA,http://avtoban-kia.ru
Inchcape INFINITI,INFINITI,https://inchcape-infiniti.ru/
Автодом (Шмитовский),BMW,https://www.bmw-avtodom.ru
Арманд,KIA,http://armand.kia.ru
Авилон Легенда,Mercedes-Benz,http://mercedes-avilonlegenda.ru
Тойота Центр Кубань,Toyota,https://toyota-kuban.ru
Кардинал,Mercedes-Benz,https://www.mercedes-cardinal.ru
Киа Центр Вологда,KIA,http://vologda.kia.ru
Р-Моторс,Mercedes-Benz,https://www.mercedes-rmotors.ru/ru/desktop/passenger-cars.html
Шанс,Changan,http://chanceorel.ru
МотомПремиум (Ульяновск),Mercedes-Benz,https://www.mercedes-motom.ru/ru/desktop/passenger-cars.html
Л-Авто Лада (Новороссийск),Lada,https://lavto.lada.ru
КУНЦЕВО,Land Rover,https://landrover-kuntsevo.ru/
КУНЦЕВО,Jaguar,https://jaguar-kuntsevo.ru/
МБ Брянск,Mercedes-Benz,https://mercedes-bryansk.ru
КорсГрупп Коломна,Nissan,http://nissan-kolomna.ru/
АвтоГЕРМЕС Mitsubishi МКАД 44 км,Mitsubishi,https://www.avtogermes.ru/contacts/salon/163/
АвтоГЕРМЕС Suzuki МКАД 44 км,Suzuki,https://www.avtogermes.ru/contacts/salon/164/
Сатурн-Р-Авто,KIA,http://kia-perm.ru
Сибкар,BMW,https://www.bmw-sibcarbm.ru/
МБ-Рязань,Mercedes-Benz,https://www.mercedes-ryazan.ru
Комос-МБ,Mercedes-Benz,http://sales.mercedes-izhevsk.ru
Citroen Авилон,Citroen,http://citroen-avilon.ru/
Peugeot Авилон,Peugeot,http://peugeot-avilon.ru/
ПМ-Авто,Mercedes-Benz,https://www.mercedes-pm-auto.ru
Эксперт СВ Самара,Datsun,http://datsun-expert.ru
ВИК-Авто,Geely,https://geely-rostov.ru
Автоцентр АЛЬФА,Hyundai,https://hyundai-alpha.ru/
Эксперт Самара,Nissan,https://nissan-smr.ru/
Планета Авто,Chevrolet,http://niva.planeta-avto.ru/
Major Nissan МКАД 47 км,Nissan,http://nissan.major-auto.ru/
ДОЛАВТО,Hawtai,http://www.dolavto.ru
Глобус,KIA,http://globus.kia.ru
Лада-Зеленоград,Lada,http://www.lada-zelenograd.ru/
Новгород-Лада,Lada,http://www.novlada.ru/
Peugeot Отрадное,Peugeot,https://peugeot-otradnoe.ru/
VOLVO CAR ОБУХОВ,Volvo,https://msk.obukhov.ru/
ОБУХОВ,Geely,https://msk.obukhov-geely.ru/
РЕГИОН-АВТО,Nissan,https://nissan-regionauto.ru/
Автомир Хавейл Ярославль,Haval,https://yar-avtomir.haval.ru/
КорсГрупп,Haval,https://korsgroup.haval.ru/
САТУРН-Р,Nissan,https://nissan-saturn.ru
Арбеково Моторс,Datsun,http://datsunpenza.ru/
АТЦ КУНЦЕВО,Geely,https://geely-kuntsevo.ru/
БалтАвтоТрейд-М,BMW,https://bmw-baltauto.ru/
Авангард Лахта Geely,Geely,https://geely-avangard.ru/
Восток-Авто,Genesis,https://genesis-vostokavto.ru/
АВТОПРОДИКС (Дальневосточный),Renault,https://www.renault.autoprodix.ru/
Хавейл Автомир Марьино,Haval,http://avtomir.ru
ВОЛЬВО КАРС ФЭМИЛИ,Volvo,https://volvocarfamily.ru/
РингАвто,Haval,https://haval.ru/find-dealers/
ААА Моторс,Mitsubishi,https://mitsubishi-aaamotors.ru/
ВИСТ-АКТИВ,Mitsubishi,https://mitsubishi-vist.ru/
Авилон,Mitsubishi,https://mitsubishi-avilon.ru/
АвтоГЕРМЕС,Jeep,http://www.jeep-avtogermes.ru/
ДОЛАВТО,Changan,http://www.dolavto.ru/
ЮНИКОР,Lada,https://dzr.unikor.lada.ru/
Элвис-РС (Усть-Курдюм),Renault,https://renaultsaratov.ru
Тойота Центр Иркутск,Toyota,https://toyota-irkutsk.ru/
"KIA Автодорога № 1, Орловское кольцо",KIA,http://tts.kia.ru
KIA пр. Хасана Туфана,KIA,http://tts.kia.ru
ТрансТехСервис,KIA,http://tts-izhevsk.kia.ru
АРМАДА-АВТО,Haval,https://armada.haval.ru/
Техинком,Citroen,http://citroen-techincom.ru/
Чанган Центр Кунцево,Changan,https://kuntsevo.com/
KIA Центр Автореал,KIA,https://kia-avtoreal.ru
РОЛЬФ Центр,KIA,http://kia-rolf.ru/
FAW Центр - Восточный Ветер на Гурзуфской,FAW,https://vostveter.faw-motors.ru/
FAW Центр - Восточный Ветер на Маневровой,FAW,https://vostveter.faw-motors.ru/
Чери-Восточный Ветер,Chery,https://vostveter.chery.ru/
КАПИТАЛ МОТОРС,Renault,https://www.renaultsurgut.ru/
Автомир KIA Балашиха,KIA,https://www.kia-avtomir.ru/
